"old_form","modern_form","old semfield","old subfield1","old semfield2","old subfield2","found_in_modern","example_old_rus","example_middle_rus","parts.num","linker_position","linker_position_exclusivity","linker_position_example","mainpart","correl","correl example","correl.position","clause.order","clause.order.example","sem_comment","inside_info"
"а","а","адверсатив","противительность",,,"да","Въсякъ хитръ и мудръ о чужде бѣде, а о своеи смыслити не можетъ. (Александрия (Вяз.), 1. XVII в. ~ XII в.)",,"mono","initial","exclusively","NA","а","NA","NA","NA","postposition","NA","У Срезневского примеры с 11 в.",
"а","а","композиция текста","смена топика",,,"да","И рѣша ему новгородци: а мы, княже, по тобѣ идемъ. (Новг. I лет., 82)",,"mono","initial","exclusively","NA","а","NA","NA","NA","postposition","NA","У Срезневского примеры с 11 в.",
"а","а","конъюнкция","сопоставление; присоединение",,,"да",,"Два брата жили у царицы вверху, а оба умерли в моръ и з женами и з дѣтми. (Ав. Ж., 20. 1673 г.) И оттоле идти до Дамаска града три дни, а ходятъ на аслятехъ, а идти по заразамъ и по горамъ по каменнымъ, а путь велми труденъ. (Х. Тр. Короб., 4. XVII в. ~ 1594 г.)","mono","initial","exclusively","NA","а","NA","NA","NA","postposition","NA","У Срезневского примеры с 11 в.",
"а","а","мереология","аддитивность",,,"да","ї о(т)толѣ на той (ж) странѣ. цр҃кви е(с̑) ст҃го ап(с̑)ла петра. а в̾ неї лежи(т) ст҃ая. феофанида иже ключь деръжала ст҃ѣї софѣї (Хожение Антония Новгородского, около 1200 г.)",,"mono","initial","exclusively","NA","а","NA","NA","NA","postposition","NA","Словарные примеры на близкое значение скорее соответствуют конъюнкции, присоединению",
"а","а","условие","реальное",,,"нет",,"А послух не говорит перед судиями в ысцевы речи, и истецъ тѣм и виноват. (Суд. Ив. III, 26. 1497 г.)","mono","initial","exclusively","NA","а","NA; ино","а кто почне(т) на сю земьлю настѹпа(т) ино спс҃ъ на него и прч(с̑)таѧ и ст҃ыи никола","NA; initial","preposition","NA","В Словаре 11-17 вв. примеры с 15 в.",
"а","а","причина","собственно причина",,,"нет",,"Колико в морѣ бѣду подъяхомъ, а надѣяся на твои молитвы. (Ж. Зос. С., 99. XVII век ~ 1503 г.)","mono","initial","exclusively","NA","а","NA","NA","NA","postposition","NA","В Словаре 11-17 вв. пример из 17 в.",
"а","а","цель","NA",,,"нет",,"Ѣздилъ Гарасимъ въ вотчину въ подмосковную для монастырсково дѣла, а купити въ вотчину про гость рыбки и селдей, и колачей. (Кн. расх. Болд. м., 49. 1586 г.)","mono","initial","exclusively","NA","а","NA","NA","NA","postposition","NA","В Словаре 11-17 вв. пример из 16 в.",
"авось; авосе","авось","ПУ","желание; ментальная",,,"да",,"Авосе м<и>л<о>с<е>рдыи б<о>гъ надъ нами умилосердится. (СГГД II, 422. 1610 г.)","mono","initial","predominately",,"авось","NA","NA","NA","postposition",,"В Словаре 11-17вв. наблюдается в 17 в.; лемма не найдена в корпусе",
"аже; ажъ","аж","степень","собственно степень",,,"да",,"От полуночи вѣтры востаютъ и великое сопротивление волнъ бываетъ с великимъ шумомъ и аж от великого волнения море в пѣну обращается. (Козм., 441. 1670 г.)","mono",,,,"аж","NA","NA","NA",,,"В Словаре 11-17 вв. значение степени наблюдается в 17 в., другие старше (условие и цель - с 13 в., ПУ - с 14 в.); значение не найдено в корпусе",
"аже; ажъ","аж","условие","реальное",,,"нет","Ажь убьеть мужь мужа, то мьстити брату брата, любо отцю, любо сыну. (Правда Рус. (пр.), 123. 1282 г. ~ XII в.)",,"mono","initial","predominately","а си грамота аже бу(д̑)тъ кнѧзю великому олгѣрду не люба инъ отошлетъ (Литовск.-моск. договор Ольгерда, Дмитрия Донского и их союзников о перемирии, 1371 г.) (НКРЯ)","аж","NA; то; ино; а","ажь пакъ некотораꙗ мѧ дѣла заӥдуть · ӥли немочь · ӥно ми послати брата своєго бес хитрости (Договор смол. князя Юр. Свят. и других князей с королем Владиславом II, 1386 г.)(НКРЯ) аже бѹдеть ти каменемь в чело тꙑ ѹже не братъ еси. [бра(т̑)] [еси] братѹ своемѹ. но ратьнꙑи есь емѹ. (Волынск. лет., XIII в.)(НКРЯ) аже не поедешь добромъ. а зломъ пакъ поѣдешь же. (Волынск. лет., XIII в.)(НКРЯ)","NA; initial","preposition","NA","У Срезневского примеры с 11 в.",
"аже; ажъ","аж","ПУ","ментальная",,,"нет","Не вѣдяще бо, аже о немь мысль злу свѣщаша самого яти, а посадничьство дати Михалку. (Новг. I лет., 276. 3) И сие убо, сынове, о ярости и о гнѣвѣ рече божественое писание, аже не воздати злобы. (АИ I, 90. 1448 г.)",,"mono","initial","exclusively","NA","аж","NA; то","немчи жо то ѹведавше ажо к тобе ѹтеклъ розбоиникъ (Послание Риги витебск. князю Мих. Конст., 1286-1307 гг.)(НКРЯ)","NA","postposition","NA","У Срезневского примеры с 12 в.",
"аже; ажъ","аж","предвзятый общий вопрос",,,,"нет",,"Аще у насъ хотя едина животныа умреть, то мы начьнемъ бгу поносити, глюще: ги, аже ты за мое добро сия злаа въздалъ а ми еси. (Сл. и поуч. против языч., 71. XVI в.)","mono","initial","exclusively","NA","аж","NA","NA","NA","NA","NA","В Словаре 11-17 вв. пример из 16 в.",
"али","али","дизъюнкция","NA",,,"да","Аче же холопъ кдѣ куны вложить, а онъ будеть не вѣдая вдалъ, то господину выкупати, али лишитися его. (Правда Рус. (пр.), 133. 1282 г. ~ XII в.)",,"mono","initial","exclusively","NA","али","NA","NA","NA","postposition","NA","У Срезневского наблюдается с 12 в., в Словаре 11-17 вв. тоже",
"али","али","условие","реальное",,,"нет","Али кто смыслъ имать, да попытай, како рекла святая богородица къ святому Василию. (Феод. Печ., 197. XV в. ~ XI в.)",,"mono","initial","exclusively","NA","али","NA; то","А сего прашахъ аже ѹ себе кладѹть дѣти спѧче и ѹгнѣтають ѹбииство ли ѥсть ѡнъ же ре(ч̑) аже терезви то легъчаѥ али пьꙗни то ѹбииство ѥсть. (Вопр. Кир., 1140-1156)(НКРЯ)","NA; initial","preposition","NA","У Срезневского примеры с 11 в.",
"али","али","условие","антиусловие",,,"нет","Рече емоу змѣѩ. пусти мѧ. али оутноу тѧ. (Псал. Толк. (Рум. №№331, 334))",,"mono","initial","exclusively","NA","али","NA","NA","NA","postposition","NA","У Срезневского, с 10 в.",
"али","али","адверсатив",,,,"нет","Егда бѣхъ въ мироу тогда мене остави. Али егда хощу работати Боу тогда языкъ ми вѧжеши. (Пат. Син. XI в. 187)",,"mono","initial","exclusively","NA","али","NA","NA","NA","postposition","NA","У Срезневского примеры с 11 в.",
"али","али","степень",,,,"нет","Мнозѣ не дрьзьнуша помыслити отъ древнихъ. али на дѣло ятисѧ. (Ип. л. 6707 г.) Покаисѧ о грѣсѣхъ богатства своего. али помысли о нихъ. (Поуч. Исид. в сбор. XV в.)",,"mono","initial","exclusively","NA","али","NA","NA","NA","postposition","NA","У Срезневского значение типа ""не только"" в 12 в., значения типа ""по крайней мере"" с 14 в.",
"али","али","предвзятый общий вопрос",,,,"нет",,"Зло то горе излукавилось ... еще вновь злочастие привязалося: Али тебѣ молодець не вѣдома нагота и босота безмѣрная. (Горе Зл., 40. XVIII в. ~ XVII в.)","mono","initial","exclusively","NA","али","NA","NA","NA","NA","NA","У Срезневского наблюдается с 12 в.",
"анъ","ан","адверсатив","противительность",,,"да","и не пусти єго к собѣ анъ ѹворотѧсѧ. (Киев. лет., XII в.)(НКРЯ)",,"mono","initial","exclusively","NA","ан","NA","NA","NA","postposition","NA","В Словаре 11-17 вв. наблюдается с 14 в.",
"будто","будто","ПУ","ментальная; цитирование; восприятие",,,"да",,"А цар-етъ... в тѣ поры чается и мнится, бутто и впрямь таковъ, святѣе ево нѣтъ. (Ав. Кн. толк., 465. 1677 г.)","mono",,,,,,,,,,"Лемма не найдена в др.-рус. корпусе",
"будто","будто","сравнение","симилятив",,,"да",,"Бьется будто блоха в ухѣ. (Сим. Послов., 176. XVII в.)","mono",,,,,,,,,,"Лемма не найдена в др.-рус. корпусе",
"будто","будто","предвзятый общий вопрос",,,,"да",,"И отвеща лисица куру с великим гневом: ... И бутта у них кур не стало, что ты завопил и закричал мужикам, а мне ты саромоты доспел, и плохою женою поставил. (Сказ. о куре и лисице, 195. XVIII в. ~ XVII в.)","mono",,,,,,,,,,"Лемма не найдена в др.-рус. корпусе",
"вѣдь; вѣдѣ","ведь","причина","собственно причина; обоснование",,,"да",,"А мешкота учинилас(ь) езде стругами за мелями и за погодами великими; были ветры великие, то веть не берегам ехать, вода путь житкои, и дорогою трижды тонули.  [Грамотка А. И. Безобразова А. В. Безобразовой (1689.10.26)]","mono",,,,,,,,,,"У Срезневского приведен (под вопросительным знаком) пример, признанный нами ошибочным; В др.-рус. корпусе найден единственный пример с подобным значением","В корпусе найдена только лемма ""вѣдѣ"" в одном примере: азъ ѹбо алекса́ндръ, видѣ же цр҃ь, гл҃ь же рѡ(д̑), добро же ди́євъ, єсть же създа гра́дъ.(Значение вроде ""то есть"" или ""будучи""?)"
"вѣдь; вѣдѣ","ведь","следствие","умозаключение",,,"да",,,"mono",,,,,,,,,,"Значение не представлено в др.-рус. корпусе",
"видомо","видимо","следствие","умозаключение",,,"да","Видомо бо Богъ... избави милостью своею. (Ип. л., 6681 г.)",,"mono",,,,,,,,,,"У Срезневского найден подходящий нам пример на лемму ""видомо""; лемма ""видимо"" в словарях не найдена в значении частицы, союза или вводного слова, а только полнозначного наречия",
"да","да","адверсатив","противительность",,,"да",,"И наша де грамота у нихъ на т-Ь воды была, да сгорала. (ААЭ I, 387. 1585 г)","mono","initial","exclusively","NA","да","NA","NA","NA","postposition","NA","У Срезневского примеры с 11 в.",
"да","да","конъюнкция","присоединение; соединение; сопоставление",,,"да",,"А кто у нихъ умреть, ини тЪх жгут , да пепел сыплють на воду. (X . Афан. Никит., 19. X V — X V I вв.со 1472 г.) На Полинахъ, ср'Ьтилъ великого князя... съ нимъ Лука Климентиевъ. Да на томъ же стану, на Полинахъ, князь... полки урядилъ. (Соф. II лет., 208.)","mono","initial","exclusively","NA","да","NA","NA","NA","postposition","NA","У Срезневского примеры с 11 в.; союз мог выступать в цепочках с многократным присоединением",
"да","да","мереология","аддитивность",,,"да",,,"mono","initial","exclusively","NA","да","NA","NA","NA","postposition","NA","Словарные примеры на близкое значение скорее соответствуют конъюнкции, присоединению",
"да","да","причина","обоснование",,,"нет","Злообразне [жене] не подобает смотритис(я) в зерцало, до болшую печаль приимет. (Сл. Дан. Зат., 94. XV I в. сл XII I в.)",,"mono","initial","exclusively","NA","да","NA","NA","NA","postposition","NA","У Срезневского примеры с 12 в.",
"да","да","цель","NA",,,"нет","Оставите мя три дьнии да ся помолю. (Патерик Син., 48. XI—XI I вв. (1318))",,"mono","initial","exclusively","NA","да","NA","NA","NA","postposition","NA","У Срезневского примеры с 10 в.",
"да","да","следствие","результат",,,"нет","И ту близъ есть Асколонъ градъ и Сорочинѣ выходятъ и изьбиваютъ странныя на пути, да ту есть боязнь велика. (Дан. Иг. (Нор. 15))",,"mono","initial","exclusively","NA","да","NA","NA","NA","postposition","NA",,
"да","да","ПУ","цитирование",,,"нет","И ре имъ Wльга: да глте, что ради придосте сѣмо. (Пов. Вр. Л. 6453 г.)",,"mono","initial","exclusively","NA","да","NA","NA","NA","postposition","NA",,
"да","да","оптатив","NA",,,,,,"mono","initial",,,"да","NA","NA","NA","NA","NA",,
"да","да","императив","NA",,,,"Наши кнѧзи добри суть… да поиди за кнѧзь нашь. (Пов. Вр. Л., 6453 г.)",,"mono","initial",,,"да","NA","NA","NA","NA","NA",,
"да","да","юссив","NA",,,,,"А будет дѣло д(у)ховное, и игуменъ того обыскав, да пошлет ко мнѣ. (АСВР II, 110. 1462 г.)","mono","initial",,,"да","NA","NA","NA","NA","NA",,
"да","да","вопросительная","NA",,,,"Да почто того нѣси ми повѣдалъ прежде. (Кир. Тур. Притч. о чел. душ. 139)",,"mono","initial",,,"да","NA","NA","NA","NA","NA",,"Здесь напишем про вопросительную"
"дабы","дабы","цель","NA",,,"да","И почаша мира просити греци, дабы не въевал [Олег] греческия земли. (Соф. I лет., 18)",,"mono","initial","exclusively","NA","дабы","NA","NA","NA",,,"У Срезневского нет про слитное ""дабы"", но есть про сочетание ""да бы"" а также про ""абы"", тоже целевое; В др.-рус. корпусе только два примера на это значение",
"дабы","дабы","ПУ","ментальная",,,"нет","Во ужасѣ велицѣ быв, и не вѣдяше [жена Никиты] дабы что сотворила. (Ж. Никит. Пер., 427. XVI в. ~ XV в.)",,"mono",,,,,,,,,,"Значение не представлено в др.-рус. корпусе",
"дажь; даже","даже","мереология","аддитивность",,,"да","<...> а тои ся ведеть к(о) дроугомоу, даже доидеть до третьего. (Р. Прав. (по Ак. сп.))",,"mono","initial","exclusively","NA","даже","NA","NA","NA","postposition","NA","У Срезневского примеры с 11 в.",
"дажь; даже","даже","степень","собственно степень",,,"да",,"Егда же диакон, опоясався одарем, станет пред царскими дверми творить повеленные ему три поклоны до пояса, то и ты вкупе с ним с ним сотвори три же поклоны, нижши пояса, даже до рукоопертия. [И. Т. Посошков. Завещание отеческое к сыну своему (1718—1725)]","mono","initial","exclusively","NA","даже","NA","NA","NA","postposition","NA","Примеров на данное значение не найдено в словарях",
"дажь; даже","даже","цель","NA",,,"нет","Поиди, дажь изъмремъ честно за святую Софью. (Новг. I л., 6778 г.)",,"mono","initial","exclusively","NA","даже","NA","NA","NA","postposition","NA","У Срезневского примеры с 11 в.",
"дажь; даже","даже","таксис","антиследование",,,"нет","И не доидошѧ дъна рову. даже съдолѣшѧ имь льви. (Дан. VI. 24 (Упыр.))",,"mono","initial","exclusively","NA","даже","NA","NA","NA","postposition","NA","У Срезневского примеры с 12 в.",
"дажь; даже","даже","условие","реальное; ирреальное",,,"нет","Даже боудоу виноватъ, да боудоу тоу мртвъ. (Новг. I л., 6726 г.)",,"mono","initial","exclusively","NA","даже","NA; а; то","и р(ч̑)е изѧславъ даже нꙑ бъ҃ поможеть а сѧ ихъ ѿтобьємъ. (Киев. лет., XII в.)(НКРЯ)","NA; initial","preposition","NA","У Срезневского примеры с 11 в.",
"дале; далѣ; далѣе; далее","далее","таксис","следование",,,"да",,"От перваго орания точйю хлебъ всходитъ сколко будет посеяннаго , для втораго орания сугубо всходитъ за третимъ оранием столко трое приумножается, и такъ за четвертымъ столь четверо, далее ж и болши не последуют во оранию. (Назиратель, 318. XV I в.)","mono","initial","predominately","володимѣръ же глѣбовичь. посла ко игореви просѧ ѹ него ѣздити. напереди полкомъ своимъ. кнѧзи бо рѹсции далѣ бѧхѹть напередѣ ѣздити в рѹскои зем(л̑)и. игорь же не да ємѹ того. (Киев. лет., XII в.)(НКРЯ)","далее","NA","NA","NA","postposition","NA","Значение представлено в др.-рус. корпусе единственным примером (см. пример на исключение из начального положения коннектора)",
"едва; едъва","едва","таксис","предшествование",,,"да","И тако едъва пакы усънувъ видѣ блженаго Феодосия... глюща възъми сию палъку и ходи съ нею. (Ж. Феодос. Нест. ) (Усп. сб., 133. XII-XIII вв.)",,"mono","initial","predominately","цр҃ь же едва въ градъ вниде с патреꙗрхомъ съ фотьемъ къ сущеи ц҃ркви с҃тѣи [б҃ц]ѣ влахѣрнѣ всю нощь м[ол҃т]ву створиша (ПВЛ по Лавр. списку, 1110-е гг.)(НКРЯ)","едва","NA","NA","NA","preposition","NA","У Срезневского примеры с 11 в.",
"ежели","ежели","условие","NA",,,"да",,"А ежели не исправится, то не уйдетъ отъ праведнаго суда Христова. (Ав. Чел., 792. 1669 г.)","mono","initial","predominately",,"ежели","NA","NA","NA","free",,"У Срезневского нет ""ежели"", но есть ""еже"" со значением ""если"".","Не найдено в корпусе; как в корпусе кодирована лемма?"
"если; естьли","если","условие","реальное",,,"да",,"А естьли милость твоя изволитъ и о мнѣ грѣшнике вѣдать, марта по 8 число на монастырьскомъ дворѣ жив до воли божии. (Белокур., I, 121. 1667 г.)","mono","initial","predominately",,"если","то; так; тогда; то тогда",,,"free",,"У Срезневского нет ""если"". Есть условная и вопросительная ""ели"", не знаю, связана ли с нашей частицей. Примеров на современные значения сопоставления, причины (аналог ""раз"") и исключения (Не успеваю - если только на минутку зайду) не обнаружено.","Не найдено в корпусе; как в корпусе кодирована лемма?"
"еще","еще","мереология","исключение; аддитивность",,,"да","И поилъ коне Тъхвѣрью; а еще Волховомь напою. (Новг. I л. 6732 г.)",,"mono","non-final","exclusively","NA","еще","NA","NA","NA","postposition","NA","У Срезневского примеры с 13 в.; Финальная позиция ""еще"" в клаузе замечена по корпусу только для наречных значений, не коннекторных","Искать пример без ""а""!; удостовериться, есть ли значение исключения"
"же","же","конъюнкция","присоединение",,,"да","и нача ѡбѣдати ѹ Василка на дворѣ. и пити. ѡбѣдав же и пивъ и леже на ночь (Волынская летопись, 1262-1269 гг.)",,"mono","non-initial","exclusively","NA","же","NA","NA","NA","postposition","NA",,
"же","же","конъюнкция","сопоставление",,,"да","и положенъ бꙑ(с̑) во гробѣ. и сниде на ада и дерьжаву ѥго раздруши. самого же свѧза и держимꙑꙗ свободи дш҃а. и гл҃а имъ идѣта въ раи. ѻни же радующесѧ идоша хвалѧще ба҃. самъ же въ третии дн҃ь въскр҃се (Нестор Печерский. Сказание о Борисе и Глебе по Сильв. сборнику, вт. пол. XI в.)",,"mono","non-initial","exclusively","NA","же","NA","NA","NA","postposition","NA","У Срезневского примеры с 11 в.",
"же","же","адверсатив","противительность",,,"нет","Поиде на нихъ къ Торжку, и власти и села пожже, града же не сожже. (Ник. лет., X, 6)",,"mono","non-initial","exclusively","NA","же","NA","NA","NA","postposition","NA","У Срезневского примеры с 11 в.",
"затѣмъ","затем","таксис","следование",,,"да",,"И въ нынѣшнѣмъ, въ 135 г., въ маѣ послано... до Оскола 50 человѣкъ, а затѣмъ нынѣ на Дедилевѣ украинныхъ городовъ первыхъ половинъ 242 человѣка. (АМГ I, 213. 1627 г.)","mono",,,,,,,,,,"Леммы не найдено в др.-рус. корпусе","Искать пример без ""а""!"
"затѣмъ","затем","причина","собственно причина",,,"нет",,"А наши люди затѣмъ не поспѣли, что были на нашей радости. (Польск. д. III, 684. 1570 г.)","mono",,,,,,,,,,"Леммы не найдено в др.-рус. корпусе","Искать пример без ""что""!"
"и","и","конъюнкция","соединение; присоединение",,,"да","Кто въ Киевѣ нача первѣе кнѧжи и wкуду Руская землѧ стала есть. (Пов. вр. л., введ.) Множество половець приходиша на Рязань, и много зла сотвориша. (Ник. лет. X, 18)",,"mono","initial","exclusively",,"и","NA","NA","NA","postposition","NA","У Срезневского примеры с 11 в.",
"и","и","мереология","аддитивность",,,"да","А кде снидеть на конечнѧго, то томоу все платити, и продажю. (Р. Прав. (по Син. Сп.))",,"mono","initial","exclusively",,"и","NA","NA","NA","postposition","NA","У Срезневского примеры с 11 в.",
"и","и","следствие","результат",,,"да",,"Не судите, и не судять вам. (ВМЧ, Окт. 4-18, 1195. XVI в.)","mono","initial","exclusively",,"и","NA","NA","NA","postposition","NA","В Словаре 11-17 вв. примеры с 11-12 вв.",
"и","и","таксис","следование; одновременность",,,"да","Прркъ Иоанъ гля: тьрпи и обльгъчю тя отъ брани. (Патерик Син., 44. XI-XII вв.)",,"mono","initial","exclusively",,"и","NA","NA","NA","postposition","NA","В Словаре 11-17 вв. примеры с 11-12 вв.",
"и","и","адверсатив","NA",,,"да","Приде Мьстиславъ ис Тъмутороканя Кыеву, и не прияша его кыяне. (Лавр. лет., 99)",,"mono","initial","exclusively",,"и","NA","NA","NA","postposition","NA","У Срезневского примеры с 11 в.",
"и… да","и… да","адверсатив","уступка",,,"да",,"Аи мсцъ маи и теплъ да голоденъ. (Сим. Послов. 75, XVII в.)","mono",,,,"и","да","NA","initial","preposition","NA","В Словаре 11-17 вв. примеры с 17 в.",
"и… и","и… и","конъюнкция","соединение",,,"да","Искони бѣ слово, и слово бѣ отъ Ба, и Бъ бѣ слово. (Iо. I .1,. Остр. ев.)",,"mono","initial","exclusively","NA","и","ДУБЛИРОВАНИЕ","NA","initial","postposition","NA","У Срезневского примеры с 11 в.",
"и… и… и","и… и… и","конъюнкция","соединение",,,"да","Оувы мнѣ, оче гне мои, и къ кому прибѣгну, и къ кому възрю, и гдѣ ли насыщусѧ такого блга оучения. (Iак. Бор. Гл. 62)",,"mono","initial","exclusively","NA","и","ДУБЛИРОВАНИЕ","NA","initial","postposition","NA","У Срезневского примеры с 10 в.",
"ибо","ибо","причина","собственно причина",,,"да","Многащи брашѧсѧ съ мноѭ отъ юности моеѧ, ибо не премогошѧ мене. (Жит. Кондр. XI в.)",,"mono","initial","exclusively","NA","ибо","NA","NA","NA","postposition","NA","У Срезневского и в Словаре 11-17 вв. примеры с 11 в.","Проверить контекст примера"
"ибо","ибо","адверсатив","уступка",,,"нет","Съвѣмъ ти благость, ибо и неразумьливи суще (Гр. Наз. 237. XI в.)",,"mono","initial","exclusively","NA","ибо","NA","NA","NA","postposition","NA","У Срезневского и в Словаре 11-17 вв. примеры с 11 в.",
"ибо","ибо","таксис","следование",,,"нет",,"[Константин Великий] магистры и градцкые дѣлатели раздели на двое, ибо единой странѣ повелѣ размѣрити градскые стѣны и стрѣльници, и начати градъ дѣлати, а другой странѣ повелѣ размѣрити улицы и площади на римской обычай. (Пов. о Царьграде, 3. XVI в. ~ XV в.)","mono","initial","exclusively","NA","ибо","NA","NA","NA","postposition","NA","В Словаре 11-17 вв. примеры с 15-16 вв.",
"или","или","дизъюнкция","NA",,,"да","Да познаеши въ истину съ любьвью служяштиихъ ти или съ льстью ласкаюштиихъ. (Изб. Св. 1076 г., 205)",,"mono","initial","exclusively","NA","или","NA","NA","NA","postposition","NA","У Срезневского и в Словаре 11-17 вв. примеры с 11 в.",
"или","или","переформулирование","NA",,,"да",,"Авиалъ - брань или война. (Алф., 20 об. XVII в.)","mono","initial","exclusively","NA","или","NA","NA","NA","postposition","NA","В Словаре 11-17 вв. примеры с 17 в.",
"или","или","причина","собственно причина","ПУ","ментальная","да","Онъ же отъвѣща, яко азъ есмь князь, то или мнѣ не отъврьзеши. (Нест. Жит. Феод. 13)","Кто есте? Или васъ соловецкие старцы прислаша к намъ. (Зос. С. ч., 93. XVI в.) ","mono","initial","exclusively","NA","или","NA","NA","NA","postposition","NA","У Срезневского и в Словаре 11-17 вв. примеры с 11 в.",
"или","или","условие","NA",,,"нет","(1255): И присла князь Бориса на вѣче: выдайте ми Онанью посадника; или не выдадите, язъ вамъ не князь, иду на городъ ратью. (Новг. I лет., 276)",,"mono","initial","exclusively","NA","или","NA; то; ино","Но рци емоу тако: поиди на сводъ, гдѣ еси взялъ; или не поидет, то пороучника за пять днiи. (Р. Прав. Яр. (по Ак. сп.)) А будетъ у моеи жены сынъ, ино моимъ дѣтямъ животъ мои... на полъ; или будетъ дчи, ино выдасть ю братъ ѳедоръ по силе. (Дух. Ост. ок. 1396 г.)","NA; initial","preposition","NA","У Срезневского и в Словаре 11-17 вв. примеры с 11 в.",
"или","или","предвзятый общий вопрос","NA",,,,"Въселю бо ся рече въ нихъ и похожду се же являя и аполъ глааше, или не разумѣете, яко Хсъ живетъ въ васъ. (Изб. Св. 1076 г., 488) Како се [убийство] можеть быть истина, еже вы и глаголете ныня? Или вы не вѣсте, яко азъ мний есмь, не противенъ есмь брату своему старѣйшому сущю? (Ж. Бор. Глеб (чтен.), 9. XIV в. ~ XI в.) ",,"mono","initial","exclusively","NA","или","NA","NA","NA","NA","NA","У Срезневского и в Словаре 11-17 вв. примеры с 11 в.",
"или... или","или... или","дизъюнкция","NA",,,"да","Или сътворите дрѣво добро, и плодъ его добръ, или сътворите дрѣво зъло, и плодъ его зълъ. (Мф. XII. 33. Остр. Ев.)",,"mono","initial","exclusively","NA","или","ДУБЛИРОВАНИЕ","NA","initial","postposition","NA","У Срезневского примеры с 11 в.",
"или... или... или","или... или... или","дизъюнкция","NA",,,"да","А хотя кто что вынеслъ или на поле, или на огороды, или въ греблю, или в лодьи, или в учаны, то все пламенемь взялось. (Новг. I л. 6848 г. (по Арх. Сп.))",,"mono","initial","exclusively","NA","или","ДУБЛИРОВАНИЕ","NA","initial","postposition","NA","У Срезневского примеры с 11 в.",
"кабы","кабы","условие","ирреальное",,,"да",,"Кабы ты мнѣ моглъ едину вещь учинить, тогда бы ты моглъ меня за жену себѣ поять. (Рим. д., 108. 1688 г.)","mono",,,,"кабы",,,,,,"Леммы не найдено в др.-рус. корпусе",
"кабы","кабы","сравнение","симилятив",,,"нет",,"И сидят на той мизгити две совы друшка к друшке носами, кабы что говорят. (Пов. о разуме, 326. XVII в.)","mono",,,,"кабы",,,,,,"Леммы не найдено в др.-рус. корпусе",
"кабы","кабы","цель","NA",,,"нет",,"И то все они пишутъ лживо, отговариваяся, кабы имъ избыть за неправды свои праведнаго государева гнѣва. (АХУ I, 1271. 1695 г.)","mono",,,,"кабы",,,,,,"Леммы не найдено в др.-рус. корпусе",
"кабы","кабы","степень","собственно степень",,,"нет",,"Согрѣти [железо] кабы рука терпѣла. (Чин мастерству, 187 об. XVII в.)","mono",,,,"кабы",,,,,,"Леммы не найдено в др.-рус. корпусе",
"какъ; како","как","источник информации","NA",,,"да",,"Толко, государь, како сказывали псковичи, мнится мнѣ, что кромѣ Сыренска быть опастно. (Петр, I, 831. 1700 г.)","mono","initial","exclusively","NA","как","NA","NA","NA","free","і рекоша меншии ѹ ст҃го николꙑ на вѣчи. бра(т̑)є. ци како ре(ч̑)ть кн҃зь. вꙑдаӏте моі ворогꙑ. ӏ цѣловаша ст҃ѹю бц҃ю меншиі. (Новг. I лет., вторая половина XIв.-1352 г.)(НКРЯ)","В Словаре 11-17 вв. пример из 17 в.",
"какъ; како","как","ПУ","восприятие; эмоции; событие",,,"да",,"Мти же его слышав како убиваютца младенци еврѣисти и бояшас<я> како отроча убиют слуги црвы. (Палея ист. сокр., 39. XVI в.)","mono","initial","exclusively","NA","как","NA","NA","NA","postposition","NA","У Срезневского примеры с 12 в.",
"какъ; како","как","сравнение","экватив; симилятив",,,"да","осподине како ѥсьмъ порѧдилесе тако и живу а василке село пустоши. (Берестяная грамота 359, XIV в.)","Тамо есть Давыдовъ домъ какъ городокъ. (Игн. Пут. 1392 г.)(Срезневский) (симилятив) А вы бы, бояре...,служили бы есте моему сыну, как есте мне служили прямо (Повесть о болезни и смерти Василия III, XVI в.) (экватив)","mono","initial","exclusively","NA","как","NA","NA","NA","postposition","NA","У Срезневского примеры с 14 в., бывает трудно отличать в примерах у Срезневского от наречного значения (он не разделяет). По мнению исследователей (см. Kobozeva I.M., Serdobolskaya N.V. Diachronic evolution of Russian standard markers kako and aky печатн. Linguistic Typology at the Crossroads, Bologna, Italy, v. 1, n. 1, p. 257–287, 2021. https://typologyatcrossroads.unibo.it/article/view/13431), значение симилятива появляется только в XVI в., до этого используется функция экватива.",
"какъ; како","как","таксис","одновременность; предшествование",,,"да","А жечи поле въ осенинахъ въ октябрѣ или въ ноябрѣ по заморозомъ, какъ гораздо на полѣ трава посохнетъ. (АМГ I, 15. 1571 г.) ѿбориса·коностасии·како·приде·сѧ·грамота·тако·пришлими·цоловѣкъ·нажерепцѣ занеми·здѣсе·дѣлъ·много·да пришли·сороцицю·сороцицѣзабꙑле· (Берестяная грамота №43, 1380-1400)",,"mono","initial","exclusively","NA","как","NA; а; тогда","а како сѧ с ни(м̑) ѹлажю. а тꙑ постерези землѣ рѹскои ѿтолѣ: (Киев. лет., XII в.)(НКРЯ) какь ми вѣсть будеть ѿ нихъ. тогда ти дамъ ѿвѣтъ. (Киев. лет., XII в.)(НКРЯ)","NA; initial","free","а како приидеть латиньскии · гость · въ городъ · с волока · дати имъ · кнѧгини · постав(ъ) частꙑни · а тивѹну · на волоцѣ · рѹкавици дати · (Договор Смоленска с Ригой и Готландом, готл. редакция, список B, 1229, 1284, 1297-1313 гг.)(НКРЯ) а послѣ грамо(т) м(с̑)ць не воеватисѧ. а какъ м(с̑)ць изоиде(т) тоже сѧ воєвати. (Договор вел. кн. лит. Казимира с Новгородом, 1441-1442 гг.)(НКРЯ)","У Срезневского примеры с 13 в.","Возможно значение нижней временной границы (Как родились, такого не видали)"
"какъ; како","как","условие","реальное",,,"нет",,"А язъ... какъ ми богъ поможетъ, однолично ко Крещенью буду на Москву. (Пис. Вас. Ив., 3. 1530 г.)","mono","initial","exclusively","NA","как",,,,"preposition","NA","В Словаре 11-17 вв. примеры с 14 в.",
"какъ; како","как","цель","NA",,,"нет",,"И намъ на той Грининъской пустошы... поставити хоромы, по избе да по клите на мъшаникахъ, да по хлѣву, какъ мочно жыти въ нонешнемъ, во сто второмъ году. (Арх. Стр. I, 708. 1594 г.)","mono","initial","exclusively","NA","как","NA","NA","NA","postposition","NA","В Словаре 11-17 вв. примеры с 13 в.",
,"как... так","конъюнкция","сопоставление",,,"да","Какъ в утелъ мѣх лити, такъ безумнаго учити. (Слово Дан. Зат., XI-XIII вв.)(НКРЯ)",,"mono","initial","exclusively","NA","как","так","NA","initial","preposition","NA","Примеров на данное значение не найдено в словарях","Поискать лучше пример по значению - этот на сравнение"
,"как... так","таксис","предшествование",,,"да","Какъ грамоты своя взметныя положили, такъ и на конь всѣли. (Псков. I л. 6985 г.)",,"mono","initial","exclusively","NA","как","так","NA","initial","preposition","NA","У Срезневского примеры с 13 в.",
,"как... так и","сравнение","экватив; симилятив",,,"да",,"Мы же како вѣмы, тако и глаголемъ. (Сл. похв. С. Шаховского, 240. XVII в.) А вѣсебное имати вѣсцю, как у Полоцку на рижанехъ емлют(ь), так(ъ) имати у Ризе на полочанехъ вѣсебное. (Полоц. гр., 112. 1407 г.)","mono","initial","exclusively","NA","как","так и","NA","initial","preposition","NA","У Срезневского примеры с 13 в.",
"когда; къгда","когда","причина","собственно причина",,,"да",,"[Молодец] идучи думу думаетъ когда у меня нѣтъ ничего и тужить мнѣ не о чемъ, (Горе Зл., 18. XVIII в. ~ XVI в.)","mono","initial","exclusively","NA","когда",,,,,,"В Словаре 11-17 вв. примеры с 17 в.",
"когда; къгда","когда","таксис","одновременность; предшествование; следование",,,"да","Донъдеже дѣтьскъ есть къждо насъ, то въ семь житии сладости ищеть... къгда же мужьсцѣ годѣ станеть и умъ ся ему утврьдить. (Златостр., 70. XII в.)",,"mono","initial","exclusively","NA","когда","NA; тогда","ї прокована вся икона сребре(м̑) ї позлачена̀. а когда цр҃ь прииде(т). ї тогда о(т)крываю(т) сребро. (Антоний Новгородский. Хожение Антония. Около 1200 г.)(НКРЯ)","initial","free","не ѡбычаи имъ єсть. ѡбратити плещи когда побѣжени бѹ́дꙋть. но̀ ти́хо ѿстѹпа́ють ꙗко не зна́ти бѣганиѧ ихъ. (История Иудейской войны Иосифа Флавия, XI-XIII вв.)","В Словаре 11-17 вв. примеры с 12 в.",
"когда; къгда","когда","условие","реальное",,,"да",,"Аще когда съключится таковое искушение, или хлѣба недостанет, или будет оскудѣние всяког<о> брашна, то не исходити того ради из монастыря въ вес<ь> нѣкую или в село. (Ж. Серг. Р. Епиф., 84. XVI в. ~ 1418 г.)","mono","initial","exclusively","NA","когда","NA; то",,"initial","preposition","NA","В Словаре 11-17 вв. примеры с 17 в.","Искать пример без ""аще""!"
"коли","коли","причина","NA",,,"да",,"И коли уже такъ лѣто прошло, а ты бить челомъ не прислалъ... и мы много писать не хотимъ. (ДТП II, 34. 1572 г.)","mono","initial","predominately","не анг҃лъ гл҃а къ Авраамꙋ · нъ сн҃ъ бж҃ии бг҃ъ · смѣлъ ли бы анг҃лъ коли зватисѧ бг҃мь · (Речи к жидовину, XI-XIII вв.)(НКРЯ)","коли","NA","NA","NA","free","ѡ стр(с̑)тотръпче гра́дѣ, коли та́ко ѡсквръненїе приꙗлъ єси ѿ римлѧнъ. (История Иудейской войны Иосифа Флавия, XI-XIII вв.)(НКРЯ)","В Словаре 11-17 вв. пример из 16 в.",
"коли","коли","условие","реальное",,,"да","Коли гдѣ хощем поити, которая переди поиграеть, то станем послушающе, правая ли, лѣвая. (Сл. св. Кир.)",,"mono","initial","predominately","кн҃зь великиӥ смоленьскии даємъ ведомо · кто коли сю грамоту видить · а любо слꙑшить · (Договор смол. князя Юр. Свят. и других князей с королем Владиславом II Ягайлом, 1386 г.)(НКРЯ) нє слушати ми лихихъ людєи · хто коли на нєго молвить · тому ми вєрꙑ нє нѧти (Жалованная грамота короля Вл. Яг. князю Скиргайлу, 1387 г.)(НКРЯ)","коли","NA; а; тогда","да коли исказитьсѧ а подрѹгъ его лежить въ немецьскои божници. а дрѹгꙑи ковати изверивши темь. (Договор Смоленска с Ригой и Готландом, 1229 г.)(НКРЯ) а такожь ӥ то дали ѥсмꙑ пану гринькови коли поӥдеть ѿ него за иного ѥго члв҃къ · тогдꙑ ӥмѣѥть панъ гринько взѧти на своѥмъ члв҃ѣцѣ · земльскоѥ̈ право ·д҃· гривнꙑ · (Подтвердительная грамота подольского князя Фед Кориятовича Гриньку и его теще, 1391 г.)(НКРЯ)","NA; initial","free","ӥ подводꙑ давати · коли сѧ пригоди(т̑) · (Подтвердительная грамота подольского князя Фед Кориятовича Гриньку и его теще, 1391 г.)(НКРЯ)","У Срезневского примеры с 12 в.",
"коли","коли","таксис","одновременность",,,"нет","Коли соколъ въ мытехъ бываетъ, высоко птицъ възбиваетъ. (Сл. о п. Иг.)",,"mono","initial","exclusively","NA","коли","NA; тогда","ѹбивашеть бо на всѧкъ дн҃ь по три по четыри. которого же дн҃ӏ не ѹбьꙗшеть кого печаловашеть тогда. коли же ѹбьꙗшеть кого. тогда веселъ бѧшеть. (Вол. лет., 1262-1292 гг.)(НКРЯ)",,"free","всеволодъ далъ ѥсмь блюдо серебрьно въ л҃. грв҃нъ серебра ст҃мѹ же геѡргиеви велѣлъ ѥсмь бити въ нѥ на ѡбѣдѣ коли игѹменъ ѡбѣдаѥтъ (Жалованная данная князей Мст. Влад. и Вс. Мст. Юрьеву монастырю, 1130 г.)(НКРЯ)","У Срезневского примеры с 12 в.",
"коли","коли","предвзятый общий вопрос",,,,"нет","И придоша [осаждающие] в городъ, и рекоша им людье: почто губите себя? Коли можете престояти нас? Аще стоите за i лѣт, что можете створити нам? (Лавр. лет., 128.)",,"mono","initial","exclusively","NA","коли","NA","NA","NA","NA","NA","В Словаре 11-17 вв. примеры с 14 в.",
"ли","ли","дизъюнкция","NA",,,"да","А что срѣзить товаромь тѣмь, ли пригостить, то то ему собѣ. (Правда Рус. (пр.), 115. XIV в. ~ XII в.)",,"mono","initial","exclusively","NA","ли","NA","NA","NA","postposition","NA","У Срезневского примеры с 11 в.",
"ли","ли","условие","реальное",,,"да","Обрѣте ли такого члвка то уже не скърби: обрѣте бо уже ключь црьствия нбсьнааго. (Изб. Св. 1076 г., 178.)",,"mono","non-initial","exclusively","NA","ли","NA; а; то","аже исправишь а то добро. нѣ исправишь ли. а бъ҃ бѹдеть за всимъ. (Киев. лет., XII в.)(НКРЯ)","initial","preposition","NA","В Словаре 11-17 вв. примеры с 11 в.",
"ли","ли","мереология","аддитивность",,,"нет",,"Кое бо причастие правдѣ къ беззаконию? ли кое общение свѣту ко тмѣ? (Чел. Ник.)(Суб. Мат. IV, 20. 1665 г.)","mono","initial","exclusively","NA","ли","NA","NA","NA","postposition","NA","В Словаре 11-17 вв. примеры с 13 в.",
"ли","ли","сравнение","компаратив",,,"нет",,"Луче мало приати съ правдою, ли многа жита с неправдою. (Притч. XV, 29)(Библ. Генн., 1499 г.)","mono","initial","exclusively","NA","ли","NA","NA","NA","postposition","NA","У Срезневского примеры с 11 в.",
"ли","ли","переформулирование","NA",,,"нет",,"Начахъ чинити повѣсть, како ли кацѣмъ образомъ [...] обретена быша многоцелебныя мощи. (Мак. Каляз., 7. XVII в. ~ XVI в.)","mono","initial","exclusively","NA","ли","NA","NA","NA","postposition","NA","В Словаре 11-17 вв. примеры с 12 в.",
"ли","ли","предвзятый общий вопрос","NA",,,"да","не азъ ли прѣ(д) во́и ꙗздѧ́хъ проти́вѹ ратнымъ, не азъ ли са́мъ собѣ бы́хъ со́лъ и в̾нидохъ къ да́рьєви, не ѿложи(х) ли бѣды. (Александрия, XI-XIII вв.)(НКРЯ)",,"mono","non-initial","exclusively","NA","ли","NA","NA","NA","NA","NA","У Срезневского примеры с 11 в.",
"ли","ли","general question","NA",,,"да","и въпроси же александръ, гл҃ѧ. гробъ не имѣєте ли. ѡни же рѣша. се вмѣстилище, здѐ пребываємъ. и се єсть намъ гробъ. (Александрия, XI-XIII вв.)(НКРЯ)",,"mono","non-initial","exclusively","NA","ли","NA","NA","NA","NA","NA","У Срезневского примеры с 11 в.",
"ли","ли","конъюнкция","соединение",,,"нет",,"Начахъ чинити повѣсть, како ли кацѣмъ образомъ, ли коими дѣтелми обретена быша многоцелебныя мощи. (Мак. Каляз., 7. XVII в. ~ XVI в.)","mono",,,,"ли","NA","NA","NA",,,"Только в вопросах с вопросительными словами",
"ли... или","ли... или","дизъюнкция","NA",,,"да",,"Муж ли приидет, или гостья обышная придет, а она бы всегда сѣдела над рукодѣльем сама. (Дм. 88, XVI в.)","mono","non-initial","exclusively","NA","ли","или","NA","initial","postposition","NA","У Срезневского примеры с 10 в.",
"ли... ли","ли... ли","дизъюнкция","NA",,,"да",,"А волостной человѣкъ правъ ли будетъ, виноватъ ли, и онъ въ правдѣ и въ винѣ волостелю. (ААЭ I, 39. 1453 г.)","mono","free","NA","нъ ѥже вы ѥсть въ имѣнии. ли злато. ли срѣбро. ли ино чьто. ѥмѹже что хощете оставити. (Чудеса Николы. XI-XII вв.)(НКРЯ)","ли","ли","NA","free","postposition","NA","У Срезневского примеры с 11 в.",
"либо; любо","либо","дизъюнкция","NA",,,"да","Кто биеть дрѹ̈га · дѣревъмь · а бѹдѣте синь · любо кровавъ ⁘ полѹторꙑ · гривнꙑ серебра платити ѥмѹ (Договор Смоленска с Ригой и Готландом, готл. редакция, список А. 1229, 1284 г.)(НКРЯ)",,"mono","initial","exclusively","NA","либо","NA","NA","NA","postposition","NA","Примеров на данное значение именно для единичного ""либо"" не найдено в словарях, но найдено в корпусе",
"либо; любо","либо","конъюнкция","NA",,,"да","хто колӥ видить грамоту (с̑) · а любо · слꙑшить · чтучӥ (Обязательство кор. слуги Ганка отдать князю Скиргайлу 200 руб., 1387 г.)(НКРЯ)",,"mono","initial","exclusively","NA","либо","NA","NA","NA","postposition","NA","Примеров на данное значение не найдено в словарях, но найдено в корпусе",
"либо; любо","либо","мереология","аддитивность",,,"да",,,"mono","initial","exclusively","NA","либо","NA","NA","NA","postposition","NA","Примеров на данное значение не найдено в словарях, но найдено в корпусе",
"либо; любо","либо","условие","реальное",,,"нет",,"Жаль мнѣ робятокъ детишокъ своихъ! Либо мнѣ смерть случится, пожалуйте не покиньте. (Переп. Хован., 435. 1682 г.)","mono","initial","exclusively","NA","либо","NA; то","а любо льгче бѹдѣть ⁘ то ть спѹскати ѡ̈бѣ въ -дино мьсто · (Договор Смоленска с Ригой и Готландом, готл. редакция, список А. 1229, 1284 г.)(НКРЯ)",,"preposition","NA","В Словаре 11-17 вв. примеры с 17 в.",
"либо… али","либо… али","дизъюнкция","NA",,,"нет","приказано бѹдѣте добрꙑмъ людѣмъ · а любо грамотою ѹтвѣрдѧть · како то боудѣте всемъ вѣдомъ · али кто послѣ живыи wстанѣтъ сѧ (Договор Смоленска с Ригой и Готландом, готл. редакция, список А. 1229, 1284 г.)(НКРЯ)",,"mono","initial","exclusively","NA","либо","али","NA","NA","postposition","NA",,
"либо... либо","либо... либо","дизъюнкция","NA",,,"да",,"И они бы либо турскую, либо христианскую вѣру взяли. (Арс. Сух. Проскинитарий, 40. 1653 г.)","mono","initial","exclusively","NA","либо","ДУБЛИРОВАНИЕ",,"initial","postposition","NA","У Срезневского примеры с 11 в.",
"лишь; лише; лишо","лишь","таксис","предшествование",,,"да",,"Люди голодные: лишо станутъ мучить - ано и умреть! (Ав. Ж. 26. 1673 г.)","mono","initial","exclusively","NA","лишь",,,,"preposition","NA","В Словаре 11-17 вв. примеры с 17 в.","Нет примеров в др.-рус. корпусе на значение, более поздний период, к которому в частности относятся примеры из словаря, посмотрю чуть позже"
"лишь; лише; лишо","лишь","условие","реальное",,,"нет",,"А лише которые иноки не послѣдствуютъ сему, и таковые есть не иноки. (Беседа Вал., 7. XVI в.)","mono","initial","exclusively","NA","лишь",,,,"preposition","NA","В Словаре 11-17 вв. примеры с 16 в.","Нет примеров в др.-рус. корпусе на значение, более поздний период, к которому в частности относятся примеры из словаря, посмотрю чуть позже"
"лишь; лише; лишо","лишь","оптатив","NA",,,"нет",,"Осудари яши воля вша хотя на нас дрова возите лишъ не по многу кладите. (Сим. Послов., 131. XVII в.) Хотя медвѣдя дай нам въ олтар-етъ, и мы рады тебя. государя, тѣшить, лише намъ погребы давай. да кормы з дворца. (Ав. Кн. толк., 479. 1677 г.)","mono","initial","exclusively","NA","лишь","NA","NA","NA","NA","NA",,
"молъ","мол","ПУ","цитирование",,,"да",,"Тако ж<е> и в великий пос<т> мол мяс<а> не ядят. (Правила, 186. XVI в.)","mono",,,,,,,,,,"Леммы не найдено в др.-рус. корпусе",
"наконецъ; наконьцъ","наконец","конъюнкция","присоединение",,,"да",,"Должно же чувствовать с радостью и самые простые сии Божьи благодеяния, а именно: что мы живы, что здоровы, что солнце нас освещает, что мирное, а не военное время, что не слышно нигде бунтов, что земледелы спокойно пашут, что купечеству пути земной и морской открыты, что, наконец, волю имеем говорить, молчать, дела делать, покоиться (Г. Сковорода, Толкование из Плутарха о тишине сердца, 1766-1794)","mono","initial","predominately","изъблѹдивше свое имѣнїє. искѹсив̾ше бѣсов̾ство своє. несытость въ ѡкрестнаа градъ нынѣ тающесѧ наконець внидоша въ ст҃ыи гра́дъ. (История Иудейской войны Иосифа Флавия. XI-XIII вв.)(НКРЯ)","наконец","NA","NA","NA","postposition","NA","Примеров на данное значение не найдено в словарях","Пример на неначальную позицию - таксисный?"
"наконецъ; наконьцъ","наконец","мереология","аддитивность",,,"да",,"Аще ли ни, то узы и темница, и тяшкиа муки, и наконець нужьную смрть не покоряющиися абие приимаху. (ВМЧ, Дек. 6-17, 707. XVI в.)","mono","initial","predominately",,"наконец","NA","NA","NA","postposition","NA","В Словаре 11-17 вв. примеры с 16 в.",
"наконецъ; наконьцъ","наконец","таксис","следование",,,"да","Мудръ же бѣ [Соломон], а наконець погибе, се же [Владимир] бѣ невѣголосъ, а наконецъ обрѣте спснье. (Лавр. лет., 80)",,"mono","initial","predominately","иже бы́сть грамотикъ цр҃евъ хи́тръ мѹ́жь мѹ́дръ. и мно́га сътворити свою грамотѹ и подо́бнѹ инѣмъ грамотамъ. и многа преѡбразивъ. и тою виною наконець погѹбленъ бы(с̑). (История Иудейской войны Иосифа Флавия. XI-XIII вв.)(НКРЯ)","наконец","NA","NA","NA","postposition","NA","В Словаре 11-17 вв. примеры с 12 в.",
,"например","мереология","конкретизация",,,"да",,"А въ выкълатъкѣ стафь тѣ слова, которые сверхъ десятку: напъримеръ, гдѣ 17-7, гдѣ 18-8, гдѣ 13-3, гдѣ 14-4. (Петр, I, 1. 1688 г.)","mono",,,,,,,,,,"В Словаре 11-17 вв. примеры с 17 в.",
"не... но","не... но","заместительные отношения","NA",,,"да","Не огнь творит разжение желѣзу, но надмение мешное. (Сл. Дан. Зат., 58. XVII в. ~ XIII в.)",,"mono","initial","exclusively","NA","но","не","NA","NA","postposition","NA","У Срезневского примеры с 11 в.","Поиск конструкции в корпусе очень затруднен из-за высокой частоты встречаемости компонентов"
"не... но","не... но","мереология","исключение",,,"нет","Тать не приходить нъ да украдеть и убиеть и погубить. (Ио. X. 10)(Остр. ев., 213 об., 1057 г.)",,"mono","initial","exclusively","NA","но","не","NA","NA","postposition","NA","Конструкция не найдена в др.-рус. корпусе",
"нежели","нежели","сравнение","компаратив",,,"да",,"Лоуче бы вѣкшина и бобровина ясти, нежели давленина. (Дуб. Сб., XVI в. 109)","mono","initial","exclusively","NA","нежели","NA","NA","NA","postposition","NA","У Срезневского примеры с 11 в.",
"нежели","нежели","мереология","иерархизация",,,"нет",,"И поесть было нѣколи, нежели спать. (Ав. Ж. 25. 1673 г.)","mono","initial","exclusively","NA","нежели","NA","NA","NA","postposition","NA","В Словаре 11-17 вв. примеры с 17 в.",
"нежели","нежели","заместительные отношения","NA",,,"нет","и рѡвь калъ тѡчѧщь. не(ж)ли водѹ полезнѹю. (Житие Василия Нового, конец XI в.)(НКРЯ)",,"mono","initial","exclusively","NA","нежели","NA","NA","NA","postposition","NA","В НКРЯ примеры с 11 в.",
"ни... ни","ни... ни","конъюнкция","соединение",,,"да","Аки трава... в застѣньи растущи, на нюже ни солнце сияетъ, ни дождевныя крапли с небеси идутъ. (Сл. Дан. Зат., 102. XVII в. ~ XIII в.)",,"mono","initial","exclusively","NA","ни","ДУБЛИРОВАНИЕ","NA","initial","postposition","NA","У Срезневского примеры с 11 в.",
"но; нъ; нѫ","но","адверсатив","противительность; уступка",,,"да","нѣмчина не сажати в погребъ новѣгородѣ ни новгородца в нѣмцьхъ нъ ѥмати своѥ ѹ виновата (Договор Новгорода с Готландом и нем. городами, 1191/1192 г.)",,"mono","initial","exclusively","NA","но","NA","NA","NA","postposition","NA","Примеры для значения адверсативного или близкого к тому в словарях приводятся только для ""не... но"", описываемого у нас как отдельная сущность; однако интересующие нас употребления находятся в др.-рус. корпусе",
"но; нъ; нѫ","но","композиция текста","смена топика",,,"да","Нъ послоушаите, братие. (Нест. Жит. Феод., 1)",,"mono","initial","exclusively","NA","но","NA","NA","NA","postposition","NA","У Срезневского примеры с 11 в.",
"но; нъ; нѫ","но","конъюнкция","присоединение",,,"да","Любовь имѣите со всяцѣмъ человѣкомъ... но подъ братомъ амы не рои. (Поуч. Луки Жид.) (Р. Дост. I, 8. XVI в. ~ XI в.)",,"mono","initial","exclusively","NA","но","NA","NA","NA","postposition","NA","У Срезневского примеры с 11 в.","Бывает трудно отличить в примерах от мереологии"
"но; нъ; нѫ","но","мереология","исключение",,,"нет","На кого призьрю, нъ на съмѣренааго и мълчаливааго и трепештуштааго моихъ словесъ. (Изб. Св., 1073 г.)",,"mono","initial","exclusively","NA","но","NA","NA","NA","postposition","NA","У Срезневского примеры с 11 в.",
"однако","однако","адверсатив","противительность; уступка",,,"да",,"Хотя въ кроникахъ пишутъ, что Руская земля на золото и на серебро урожайная, однако сыскати не могутъ. (Котош. 99, 1667 г.)","mono",,,,,,,,,,"В Словаре 11-17 вв. примеры с 17 в.",
"пока","пока","таксис","одновременность; следование",,,"да",,"И поминати ихъ, пока и манастырь Пречистые стоитъ. (Арх. Стр. I, 475. 1567 г.)","mono","initial",,,"пока","NA","NA","NA",,,"Лемма не найдена в др.-рус. корпусе; Значение верхней временной границы (СВ в зависимой предикации; тип ограничительного следования, при котором обязательно отсутствие интервала между двумя событиями. Значение прекращающего следования (в терминологии В.С. Храковского))",
"пока мѣстъ; пока мѣста","покамест","таксис","одновременность; следование",,,"да",,"И пока де мѣста онъ... съ салдаты перевезлися на берегъ, а тѣ... воинские люди... побѣжали прочь къ Азову. (Дон. д. IV, 276. 1649 г.)","mono","initial",,,"покамест","NA","NA","NA",,,"Лемма не найдена в др.-рус. корпусе; Значение верхней временной границы (СВ в зависимой предикации; тип ограничительного следования, при котором обязательно отсутствие интервала между двумя событиями. Значение прекращающего следования (в терминологии В.С. Храковского))",
"покудова","покудова","таксис","одновременность; следование",,,"да",,"А приехавъ, онъ, Косай мурза... сталъ... розсказывать, что... мы де то и покочевали отъ нихъ прочь, покудова де намъ государевъ указъ будетъ, где намъ велитъ кочевать. (Дон. д. II, 21. 1640 г.)","mono","initial",,,"покудова","NA","NA","NA",,,"Лемма не найдена в др.-рус. корпусе; Значение верхней временной границы (СВ в зависимой предикации; тип ограничительного следования, при котором обязательно отсутствие интервала между двумя событиями. Значение прекращающего следования (в терминологии В.С. Храковского))",
"потомъ; потомь","потом","конъюнкция","присоединение",,,"да",,,"mono","initial","predominately",,"потом","NA","NA","NA","postposition","NA","В Словаре 11-17 вв. приведены примеры на близкое значение, признанные нами ошибочными и соответствующими скорее таксисному",
"потомъ; потомь","потом","мереология","аддитивность",,,"да",,,"mono","initial","predominately",,"потом","NA","NA","NA","postposition","NA","В Словаре 11-17 вв. приведены примеры на близкое значение, признанные нами ошибочными и соответствующими скорее таксисному",
"потомъ; потомь","потом","таксис","следование",,,"да","Тогда прѣбысть на немьже бѣ мѣстѣ дъва дьни. Потомь же гла ученикомъ: идѣмъ въ Иудею паки. (Ио. XI, 7)(Остр. ев., 137. 1097 г.)",,"mono","initial","predominately","а на кого възговорѧ(т) из новгорочкы(х) волостеи. на тферьско(г) татѧ. или на розбоиника. а възмолъвѧ(т) нѣтъ. ино єму и потомъ не быти во тферьскы(х) волосте(х). а буде(т) ино его бес су(д) выдати по хр҃тному чєлованью. (Новгородская грамота тверскому князю Борису Александровичу с предл. закл. договор, 1446 г.)(НКРЯ) Покаалникъ блꙋ(д) твори(т). дїакономъ не стати ємѹ потомъ. (Ответы митрополита Георгия, вторая пол. XI в.)(НКРЯ)","потом","NA","NA","NA","postposition","NA","В Словаре 11-17 вв. примеры с 11 в.",
"потому","потому","следствие","результат; умозаключение",,,"да",,"Тои [ячмень] бываетъ скороспѣлъ того для, что вперед пшеницы спѣетъ, потому и жнитва его ранѣе и наперед бывает. (Назиратель, 487. XVI в.)","mono","initial","exclusively","NA","потому","NA","NA","NA","postposition","NA","В Словаре 11-17 вв. примеры с 14 в.","Искать пример без ""и"", или ""и"" здесь слишком отдельная сущность?"
"потому","потому","причина","собственно причина",,,"нет",,"Ниже Торбѣева до Ромня городища сторожемъ стояти не надобетъ, потому пришли лѣса большие, озера и болота. (АМГ I, 12. 1571 г.)","mono","initial","exclusively","NA","потому","NA","NA","NA","postposition","NA","В Словаре 11-17 вв. примеры с 16 в.; Значение не найдено в др.-рус. корпусе",
"притомъ","притом","конъюнкция","сопутствование",,,"да",,"Тогда ваша милость простеръ вопросы, и притомъ вскоре разширилъ и выклады, утверждаючи ихъ свидѣтельствы инославных. (Курб Пис., 442. XVII в. ~ XVI в.)","mono",,,,,,,,,,"Лемма не найдена в др.-рус. корпусе",
"развѣ","разве","адверсатив","уступка",,,"да","Отъ грому церкви святаго Воскресенiя сгорѣ на Полонищи, развѣ святыя иконы да книги выносиша. (Псков. I л., 6966 г.)",,"mono","initial","predominately","Ег(д)а ѹстраꙗше(с̑) въ сщ҃нчьскы(и) санъ ѡбразъ же и подобье на великого васильꙗ чернѹ брадѹ такѹ имѣѧ плешивꙋ развѣ имѣꙗ главѹ (Житие Авраамия Смоленского, XIII в.)(НКРЯ)","разве","NA","NA","NA","postposition","NA","У Срезневского примеры с 14 в.",
"развѣ","разве","мереология","исключение",,,"да","Къто же е без грѣха, развѣ единъ Бъ. (Изб. Св., 1076 г.) и по всѣмъ бра́немъ непобеженъ бы(с̑). ра́звѣ аще воєводы єго не послꙋшали єго бѹдѹть. (История Иудейской войны Иосифа Флавия, XI-XIII вв.)(НКРЯ)",,"mono","initial",,,"разве","NA","NA","NA","postposition","NA","В Словаре 11-17 вв. примеры с 11 в.",
"развѣ","разве","предвзятый общий вопрос",,,,,,"Родителя не велѣли меня грамотки учитъ ся. - Разве тебѣ охота не была? - Въ молодихъ лѣтехъ нехто такъ разуменъ чтобы трудилъ ся для ради науки и премудрости. (Lud., 85. 1696 г.)","mono","initial",,,"разве","NA","NA","NA","NA","NA","В Словаре 11-17 вв. примеры с 17 в.",
"ровно","ровно","сравнение","симилятив",,,"да",,"Прогнѣвать ся на человѣка, что мысли ево не сходят ся съ моими мыслами, ровно как бы я хотелъ сердить ся, что лице ево розличное от моево. (Lud., 87, 1696 г.)","mono",,,,,,,,,,"В Словаре 11-17 вв. пример из 17 в.","Искать пример без ""как бы""!"
"сирѣчь","сиречь","переформулирование","NA",,,"да","Безмоутьнымь оумомь, сирѣчь без гнѣва. (Псалт. 1296 г.)",,"mono","initial","exclusively","NA","сиречь","NA","NA","NA","postposition","NA","У Срезневского примеры с 12 в.",
"такъ; тако","так","адверсатив","противительность",,,"да",,"Пошла по масло, такъ [вар.: а, инъ] в печи погасло. (Сим. Послов., 192. XVII-XVIII вв.)","mono","initial","exclusively","NA","так","NA","NA","NA","postposition","NA","В Словаре 11-17 вв. пример из 17 в.",
"такъ; тако","так","следствие","результат; умозаключение",,,"да",,"У боярони... куры всѣ... мереть стали, такъ она... ко мнѣ ихъ прислала, чтобъ де... помолилъся о курахъ. (Ав. Ж., 32. 1673 г.)","mono","initial","exclusively","NA","так","NA","NA","NA","postposition","NA","В Словаре 11-17 вв. пример из 17 в.",
"также; такоже; такъ же; тако же; такожде","также","конъюнкция","присоединение; соединение",,,"да",,,"mono","initial","predominately","и въ вавилонѣ стѣны и сꙋдища. и комары и цр҃кви. и тръговище. и въ вретосъ. и в сидонѣ та́кож(д)е. (История Иудейской войны Иосифа Флавия, XI-XIII вв.)(НКРЯ)","также","NA","NA","NA","postposition","NA","Словарные примеры на близкое значение скорее соответствуют мереологии",
"также; такоже; такъ же; тако же; такожде","также","мереология","аддитивность",,,"да",,"Того же лѣта пакы князь Андрѣй Александрович собра рати многы и всхотѣ ити на Переяславль, такоже и к Москвѣ и ко Тфери. (Моск. лет., 158, XVI в.)","mono","initial","predominately",,"также","NA","NA","NA","postposition","NA","У Срезневского примеры с 11 в.",
"также; такоже; такъ же; тако же; такожде","также","сравнение","экватив",,,"да",,"Отец твой моему отцу нигде не указывал, а ты мне також не указывай, а впред<ь> на Волгу гонцов посылайте сами. (Астрах.а., №65. 1614 г.)","mono","initial","predominately",,"также","NA","NA","NA","postposition","NA","У Срезневского примеры с 11 в.",
"также; такоже; такъ же; тако же; такожде","также","таксис","следование",,,"нет","Тако же по кончаньи цѣлова всѧ, възлеже на одрѣ своѥмъ. (Нест. Бор. Гл. 21)",,"mono","initial","predominately",,"также","NA","NA","NA","postposition","NA","У Срезневского примеры с 11 в.",
"также; такоже; такъ же; тако же; такожде","также","заместительные отношения",,,,"нет","Wму же любо дѣтии моихъ, а приметъ е в срце своѥ и не лѣнитисѧ начнеть, тако же и тружатисѧ. (Поуч. Влад.Мон., 78)",,"mono","initial",,,"также","NA","NA","NA","postposition","NA",,
"тогда","тогда","следствие","результат",,,"да","Изьми първѣе брьвьно из очесе твоего, тогда узьриши изяти сучьць из очесе брата твоего. (Мф VII, 5)(Остр. ев., 60. 1057 г.)",,"mono",,,,,,,,,,"Лемма не найдена в др.-рус. корпусе",
"тогда","тогда","таксис","одновременность; следование",,,,"Пьрвѣе убо его [ап. Петра] немощь показа [Христос] ему себе, и тогда постави его инѣмъ. (Гр. Вел. I, 592. XIII в.)",,"mono",,,,,,,,,,"Лемма не найдена в др.-рус. корпусе",
"тоже","тоже; то же","конъюнкция","присоединение; соединение",,,"да"," Аже крадеть кто скотъ въ хлѣвѣ, или клеть, тоже будеть одинъ, то платити ему г грвны. (Правда Рус. (К.), 38. 1285-1291 гг. ~ XII в.)","А мы з господиномъ адмираломъ пойдем завтрѣ въ восми галерахъ, а достольныя за нами тоже поспѣшать будутъ. (Петр, I, 63. 1696 г.)","mono","non-initial; initial",,"а мнѣ ре(ч̑) даи б҃ъ исправити правда новгородьскаꙗ · тоже ѿ ва(с̑) поꙗти сн҃а своѥго (Новг. I лет. Вторая половина XI в.-1352 г.)(НКРЯ)","тоже","NA","NA","NA","postposition","NA","В Словаре 11-17 вв. и у Срезневского примеры с 11 в.","Первый пример - аддитивность?, второй - две единицы ""то же""?"
"тоже","тоже; то же","мереология","аддитивность",,,"да",,"И ту видехом на рѣцѣ устроено колесо, около его 100 сажен, воду емлет из рѣкы и пущает на всѣ домы. И на том же валѣ колесо мало, тоже мелеть и сукна точет красные (Хождение на Флорентийский собор, 1437-1440)","mono","non-initial; initial",,"ї в ловчи(х̑) ловчии нарѧдъ са(м̑) єсмь держалъ · и в конюсѣ(х̑) · и ѡ соколѣхъ · и ѡ ꙗстрѧбѣ(х̑) тоже (Поуч. Влад. Мон., 1090-е-1110-е гг.)(НКРЯ) тоже братиꙗ въ велицѣ печали быша. и молѧахѹ блаженааго остатисѧ и не обличати ѥго ⁘ Тоже такоже и ѿ болꙗръ мънози приходѧще. повѣдахѹть ѥмѹ гнѣвъ кнѧжь на того сѹщь. (Житие Феодосия, 1080-е)(НКРЯ)","тоже","NA","NA","NA","postposition","NA","Словарные примеры на близкое значение скорее соответствуют конъюнкции, присоединению",
"тоже","тоже; то же","сравнение","экватив",,,"да",,"Оклад ему учинен на Москве... хлеба двенадцать четей ржи, овся тож. (Томск.)(Словарь Том., 289. 1695 г.)","mono",,,,"тоже","NA","NA","NA","postposition","NA","Значение не найдено в др.-рус. корпусе",
"тоже","тоже; то же","таксис","одновременность; следование",,,"нет","Онъ же съврьже ю [одежду] долу, не хотя ни видѣти ея, и тако створи многашьды. Тоже повелѣ оцъ его съ гнѣвьмъ съвязати ему руцѣ и одѣти и въ прежереченную одежю. (Ж. Феодос. Нест.)(Усп. сб., 84. XII-XIII вв.)",,"mono","initial","exclusively","NA","тоже","NA","NA","NA","postposition","NA","У Срезневского примеры с 12 в.",
"тоже","тоже; то же","адверсатив","противительность",,,"нет","Како видимъ другыя вѣрны плътьныя грѣхы творяштя, тоже отъ Ба блгодаримы и отъ бедъ спсаемы? (Изб. Св. 1073 г., 342)",,"mono","initial","exclusively","NA","тоже","NA","NA","NA","postposition","NA","В Словаре 11-17 вв. примеры с 11 в.",
"тоже","тоже; то же","переформулирование","NA",,,"нет",,"Въ началѣ въ ней напечатанъ посохъ, тожъ и жезлъ, со двоглавнымъ змиемъ. (Пустоз. сб., 15. 1673 г.)","mono","initial","exclusively","NA","тоже","NA","NA","NA","postposition","NA","В Словаре 11-17 вв. примеры с 16 в.",
"только","только","адверсатив","противительность",,,"да","Розъѣхалися розно, а управы не учинивъ... толко христiяномъ по всѣмъ волостемъ и пригородомъ убытковъ и изъѣжи полно. (Псков. I л. 6979 г.)",,"mono",,,,,,,,,,"У Срезневского примеры с 14 в.",
"только","только","заместительные отношения","NA",,,"да","Иныи, ума не исполненъ, тол<ь>ко жадает убити, пограбити, а еже, что убити, а того не вѣсть. (Поуч. Серапиона Вл., 4. XIV-XV вв. ~ XIII в.)",,"mono",,,,,,,,,,"У Срезневского пример из 15 в.",
"только","только","мереология","исключение",,,"да","(1060): А зима тогды была безснѣжна, тол<ь>ко сем недель было с-нѣгомъ. (Псков. ле. II, 238. XVI в.)",,"mono",,,,,,,,,,"У Срезневского примеры с 11 в.",
"только","только","таксис","предшествование",,,"да",,"Толке де Русь ударитъся на кошъ, и мы де выидем изо Псковскои земли. (Псков. I л., 7011 г.)","mono",,,,,,,,,,"У Срезневского примеры с 14 в.",
"только","только","условие","реальное",,,"да",,"Только не отдадут нашей братьи того серебра, и мы... имъ велимъ взяти ту четыриста рублевъ на вашей братьи на купчехъ. (Ревел.а. I, 4. 1417 г.)","mono",,,,,,,,,,"У Срезневского примеры с 14 в.",
"точно; точьно; тъчьно","точно","сравнение","симилятив",,,"да","Дыму бо точьно богатьство ищезнет (1 Царств II, толк.)(Псалт. Евг., 19 об. XIв.)",,"mono",,,,"точно","NA","NA","NA",,,,
"то… то","то… то","дизъюнкция","NA",,,"да",,"А Меликтучаръ... бьется съ кафары, 20 лѣтъ есть, то его побиютъ, то онъ побиваетъ ихъ многажды. (Х. Афан. Никит., 13. XV-XVI вв. ~ 1472 г.)","mono","initial","exclusively","NA","то","ДУБЛИРОВАНИЕ","NA","initial","postposition","NA","У Срезневского пример из 15 в.",
"тутъ; туто","тут","таксис","одновременность; следование",,,,,"Какъ поехали [в поход], лошади под ними взоржали вдругъ, и коровы тут взревѣли... и собаки взвыли... ужасъ на всѣхъ напал. (Ав. Ж., 35. 1673 г.)","mono","free","NA","не ѿдать еѣ неволею ни за кого же. но кдѣ бѹдеть кнѧгинѣ моеи любо. тѹто ть ю дати. (Волынская лет., 1262-1292 гг.)(НКРЯ)","тут","NA","NA","NA","postposition","NA","У Срезневского пример из 15 в.",
"ужь","уж","композиция текста","начало текста",,,"да",,"И приезжает Сухан ко быстру Непру Слаутичю,  А ужь Непръ река смешалась з желты пески.  [Повесть о Сухане (XVII в.)]","mono",,,,,,,,,,"Лемма не найдена в др.-рус. корпусе","Значения нет у Срезневского, Словарь 11-17 вв. кончился"
"ужь","уж","мереология","аддитивность",,,"да",,,"mono",,,,,,,,,,"Лемма не найдена в др.-рус. корпусе","У Срезневского один смутный пример на, возможно, близкое значение"
,"хоть","адверсатив","уступка",,,"да","покланѧю ти сѧ братьче мои то си хотѧ мълви (беестяная грамота 605, 1100-1120 гг.)",,"mono",,,,,,,,,,"Лемма не найдена в др.-рус. корпусе (найдена омонимичная именная лемма)","Нет у Срезневского, Словарь 11-17 вв. кончился, надо будет проверить по какому-нибудь еще"
,"хоть","дизъюнкция","уступка",,,"да",,,"mono",,,,,,,,,,"Лемма не найдена в др.-рус. корпусе (найдена омонимичная именная лемма)","Нет у Срезневского, Словарь 11-17 вв. кончился, надо будет проверить по какому-нибудь еще"
,"хоть","условие","реальное; ирреальное",,,"да",,"И во всей Болони хоть б великой был дождь, и пешие люди могут во время дождя ходить по всей Болони в добрых одеждах без епанчи,  {л._151_об.} и никогда не помочит их дозжь.  [П. А. Толстой. Путешествие по Европе (1699)]","mono",,,,,,,,,,"Лемма не найдена в др.-рус. корпусе (найдена омонимичная именная лемма)","Нет у Срезневского, Словарь 11-17 вв. кончился, надо будет проверить по какому-нибудь еще"
,"хоть... хоть","дизъюнкция","NA",,,"да",,"Буде хочешъ розныя смѣты сколко нибуть вьмѣсте сложить что іхъ будетъ, і ты стаѳь хоть 1000 чи, хоть 100, хоть 10, і опъ томъ не думай, хоть многое число напередъ, хоть малое, толко чтобъ правая сторона была равъна [Петр I. Отрывок из учебных тетрадей по арифметике (1688)]","mono",,,,,,,,,,"Лемма не найдена в др.-рус. корпусе (найдена омонимичная именная лемма)","Нет у Срезневского, Словарь 11-17 вв. кончился, надо будет проверить по какому-нибудь еще"
"хотя; хотѧ","хотя","адверсатив","уступка; противительность",,,"да","А иное что, хотя кто вынеслъ, злии человѧци разграбиша. (Новг. I л., 6848 г.)",,"mono","initial","exclusively","NA","хотя","NA","NA","NA","free","а за кормилца ·вӏ҃· гр(в̑)н · и за кормилицю · хотѧ си бѹди холопъ · или роба (Рус. прав., середина XI в.)(НКРЯ)","У Срезневского примеры с 11 в.","Пример: найти левый контекст"
"хотя; хотѧ","хотя","условие","реальное; ирреальное",,,"нет","Хотѧ подо мною (ч)то wстанѣтьсѧ, или лошакъ, или wроужьѥ, то все даю стому Гергью. (Рук. Новг. Клим. д. 1270 г.) Холопьство wбьлноѥ... : wже коупить, хотѧ и до полоугрвьны, а послоухы поставѧтъ. (Р. Прав. Влад. Мон. (по Син. сп.))",,"mono","initial","exclusively","NA","хотя","NA; а; то","см. основные примеры","NA; initial","preposition","NA","У Срезневского примеры с 13 в.",
"чьто; что","что","композиция текста","начало текста",,,"да"," ѿ кнѧзѧ · ѿ кестутѧ · и ѿ кнѧзѧ ѿ либорта · у торунь к мѣстꙑчемъ · што іѥсте просили насъ · а бꙑхомъ васъ пустили до лучцька търговать · через берестие · а бꙑ вамъ · не закажали · мꙑ хочемъ ради то учинити вамъ · не блюдитесѧ · ничего поидите · а коли которꙑи · торговець поидеть · торговать ис торунѧ через берестие до лучьска без печали будте · а кто поидеть съ сею грамотою · через дорогꙑчинъ · чесъ мелникъ · и черес берестие · до лучьска · торговатъ · ис торунѧ · ѧзъ кнѧзь кестути · не велю ихъ · заимати · [Грамота князей Кейстута и Любарта торунским купцам с разрешением ездить торговать в Луцк через города Дорогичин, Мельник и Берестье (после 1341)]",,"mono",,,,,,,,,,,"Нет у Срезневского, Словарь 11-17 вв. кончился, надо будет проверить по какому-нибудь еще"
"чьто; что","что","ПУ","цитирование;  ментальная; эмоции",,,"да","И глаголютъ бо нѣцыи, что та рука Ивана Предтеча, но нѣсть тако. (Стеф. Новг. п. 1347 г.)(Сах. 51)",,"mono","initial","exclusively","NA","что","NA","NA","NA","postposition","NA","У Срезневского примеры с 14 в.",
"чьто; что","что","сравнение","симилятив",,,"да",,,"mono",,,,,,,,,,,"Нет у Срезневского, Словарь 11-17 вв. кончился, надо будет проверить по какому-нибудь еще"
"чьто; что","что","таксис","следование; одновременность",,,"да",,,"mono",,,,,,,,,,,"Нет у Срезневского, Словарь 11-17 вв. кончился, надо будет проверить по какому-нибудь еще"
"чьто; что","что","условие","реальное",,,"да",,,"mono",,,,,,,,,,,"Нет у Срезневского, Словарь 11-17 вв. кончился, надо будет проверить по какому-нибудь еще"
,"что... что","дизъюнкция","NA",,,"да",,,"mono",,,,,,,,,,,"Нет у Срезневского, Словарь 11-17 вв. кончился, надо будет проверить по какому-нибудь еще"
"чьто бы; что бы; что бъ","чтобы","ПУ","желание; эмоции; мнение; восприятие; цитирование",,,"да","По тому бы есте и сами дѣяли и инымъ бы есте всѣмъ заказывали, что бы по тому ходили. (Кипр. м. Посл. Пск. дух. д. 1395 г.)",,"mono","initial","predominately","такоже и мꙑ имемъ вѣру вашимъ судьꙗмъ коли судѧть нашу братью по кр(с̑)тному челованью и тꙑ ч(с̑)тнꙑи добрꙑи местерь что бꙑ ѥси повелѣлъ кондратовꙑмъ внучатамъ колꙑваньского посадника корту и инцѣ и складникам ихъ дати нашеи братьи четꙑри ста рублевъ ч(с̑)то (Грамота Новгорода магистру Лив. ордена, 1414-1415 гг.)(НКРЯ)","чтобы","NA","NA","NA","postposition","NA","У Срезневского примеры с 13 в.",
"чьто бы; что бы; что бъ","чтобы","цель","NA",,,"да","А пишу вамъ се слово того дѣля, что бы не перестала память родителии нашихъ и наша. (Дух Сим. 1353 г.)",,"mono","initial","exclusively","NA","чтобы","NA","NA","NA","postposition","NA","У Срезневского примеры с 14 в.",
"чьто бы; что бы; что бъ","чтобы","условие","реальное; ирреальное",,,"нет","Что бы и на поса покрадетсѧ, ино двожды е пожаловати, а изличи, казнити по его винѣ, и в третий рѧ изли(чи)въ, живота ему не дати. (Псков. судн. грам. 2) Которои человѣкъ имутся за конь или за корову или за иную скотину, что бы и за собаку, и тотъ млъвит: то у мене свое росченое, ино правда дати, какъ что ся росченое. (Новг. зап. д. 1477 г.)",,"mono","initial","exclusively","NA","чтобы","NA; а; ино","см. основные примеры","NA; initial","preposition","NA","У Срезневского примеры с 15 в.",
,"чуть","таксис","предшествование; следование",,,"да",,"А аще же узриши несомо святое Тело Христово, то лише чють завидиши его, то шапку с себя сойми, и с коня своего или с колесницы сниди, и егда приближится к тебе, и аще и грязно, поклонись до земли. [И. Т. Посошков. Завещание отеческое к сыну своему (1718—1725)]","mono",,,,,,,,,,,"Нет у Срезневского, Словарь 11-17 вв. кончился, надо будет проверить по какому-нибудь еще"
,"якобы","ПУ","цитирование; мнение; восприятие",,,"да",,"Приидоша ис Казани много мурз и татар к воеводам, будущим в Свияжску, и оболгаша царя, якобы изменити хотяше. [А. Лызлов. Скифская история (1692)]; И усмотрела та Аннушкина мамка, что приехалъ Фрол Скобеев, сказала Аннушке, под видом других того дому служителей, якобы прислала тетка по нея из манастыря. [Повесть о Фроле Скобееве (конец XVII в.—первая треть XVIII в.)]; И усмотрил Скобеев, что от тестя ево пришелъ человек, и велел жене свое лечи на постелю и притворить себя, якобы жестоко болна.  [Повесть о Фроле Скобееве (конец XVII в.—первая треть XVIII в.)]","mono",,,,,,,,,,,"Нет у Срезневского, Словарь 11-17 вв. кончился, надо будет проверить по какому-нибудь еще"
